{"abrasive": 7.6168086243165645, "acacia": 7.170521521688145, "acid_driven": 8.001654445221993, "aggressive": 6.654376736444554, "aid": 8.492277361670464, "airy": 8.255888583606234, "allspice": 7.077233587264588, "almond": 5.325396831920644, "alpine_herbs": 7.8159372994269, "american_oak": 7.726809519530893, "angular": 7.073193177727583, "anise": 5.189673321271552, "apple": 3.4805315732901816, "apple_blossom": 7.350179961062616, "apple_sauce": 8.736474322182506, "apricot": 4.625949315504448, "ash": 7.758308186590264, "asian_spice": 7.018277420131469, "asparagus": 7.456723208969492, "asphalt": 6.728688769409106, "assertive": 6.506688728796975, "astringent": 5.265433367153086, "austere": 6.019949494089325, "bacon": 6.005982786607616, "baked": 4.874178089617575, "baked_apple": 6.543989090210184, "baked_bread": 7.766340358287528, "baking_spices": 4.88950060660994, "balsamic": 5.950675368205919, "banana": 6.204805906486467, "band": 8.492277361670464, "barbecue": 6.558343403661867, "bark": 7.913793089430659, "barnyard": 7.14854261496937, "basil": 8.192172769220127, "bay_leaf": 7.089453698599363, "beef": 8.269133810356255, "beef_jerky": 7.6962727956708115, "beefy": 7.790831378295824, "beeswax": 7.157276294938124, "beet": 8.155805125049252, "beetroot": 8.873049857188256, "bell_pepper": 6.4317638298761475, "bergamot": 8.120713805237981, "berry": 3.1864879802837267, "big": 8.0868122535623, "bite": 6.164999656086048, "bitter": 4.9634688554156625, "bitter_almond": 6.706088937491865, "bittersweet": 8.192172769220127, "black_cherry": 3.6709211049356623, "black_currant": 4.694917264562458, "black_fruit": 5.548715960445383, "black_pepper": 4.779518633766585, "black_tea": 6.209894975993938, "blackberry": 3.191130668112268, "blackberry_jam": 6.070428847849601, "blackcurrant": 6.376021846867912, "bland": 7.273415944850778, "blood_orange": 8.296162482744174, "blossom": 8.561270233157416, "blue": 6.402473032955082, "blue_flower": 6.019949494089325, "blue_fruit": 8.204595289218684, "blueberry": 4.679706435213978, "blueberry_pie": 8.217174071425543, "bold": 7.025940292877038, "bone_dry": 5.924767183347254, "boned": 8.0868122535623, "botrytis": 7.27835422649136, "boysenberry": 5.664963739741437, "bramble": 5.593606800959605, "brawny": 6.821430821107721, "bread": 7.726809519530893, "bread_crust": 7.961649110608294, "brick": 8.097985554160426, "bright": 3.4922537281688033, "brilliant": 6.903042156553884, "brine": 6.111189207188476, "brioche": 7.39923611805181, "brisk": 5.049191887306057, "brown": 7.6813471454541355, "brown_butter": 8.509084479986846, "brown_spice": 7.596189337113829, "brown_sugar": 6.2586851401633705, "bubble_gum": 8.32394204685125, "bubblegum": 7.758308186590264, "bulky": 7.886141558100149, "bullish": 8.475748059719255, "buoyant": 6.654376736444554, "burnt": 6.052833085959222, "burnt_toast": 8.167781316095967, "butter": 5.24384273456072, "butter_nut": 9.15263471940742, "butter_popcorn": 7.569342087077641, "buttercream": 7.942231024751193, "butterscotch": 6.163374960359046, "buttery_toast": 5.7909161487190515, "cake": 7.366266098814241, "cake_spice": 7.355513307037978, "campfire": 7.719087473436983, "camphor": 8.054022430739309, "candle_wax": 8.674598918464419, "candy": 4.6183024238798485, "caramel": 4.869270651707236, "cardamom": 6.689468056255825, "carob": 6.98819996489419, "cashew": 8.427738840532893, "cassis": 4.339663891324388, "cataloupe": 7.263611944754157, "cedar": 4.68598531087456, "celery": 7.65936823873536, "cement": 8.443487197501032, "chalk": 5.531309080552814, "chamomile": 7.421835949969052, "charcoal": 7.688782123941654, "charred_wood": 8.097985554160426, "cheese": 6.274887114739651, "chemical": 8.120713805237981, "cherry": 2.7156059115034, "cherry_liqueur": 7.6962727956708115, "chewi": 5.158288729701759, "chocolate": 3.990987306169765, "choppy": 6.714504134417149, "chunky": 5.40579072484801, "cider": 8.59763787732829, "cigar": 7.6168086243165645, "cigar_box": 7.003125615110866, "cinnamon": 4.837299459232209, "citrus": 3.3784839754715823, "citrus_peel": 5.997695446359046, "citrus_pith": 7.758308186590264, "clampy": 8.001654445221993, "classy": 7.069169027427858, "clay": 7.913793089430659, "clean": 4.145662038475917, "close": 7.637862033514397, "closed": 4.610026514575988, "clove": 4.613811139771161, "clove_cinnamon": 7.582675617947106, "cloying": 7.077233587264588, "coarse": 8.3819293045016, "cocoa": 5.357508046099263, "coconut": 6.038402821130193, "coffee": 3.7563713536933188, "cola": 4.436442654210239, "complex": 3.7515569888614895, "complicated": 7.841689795529315, "compost": 7.122790118866956, "compote": 7.38261523681577, "concentrated": 3.6403773145620217, "concrete": 8.492277361670464, "cooked": 6.7997245425258575, "cooked_spice": 7.170521521688145, "cookie": 8.41223465399693, "corn": 7.742434837433974, "cotton_candy": 7.981451737904474, "cracker": 8.032745032292024, "cranberry": 4.738078441435885, "cranberry_pomegranate": 7.807498430781036, "cream": 4.06086550181584, "creamy": 8.674598918464419, "crisp": 3.331116999962009, "crunchy": 7.249083844191247, "cucumber": 8.011910945389182, "cured_meat": 6.380045997167637, "currant": 4.781554879634076, "custard": 7.66664099806444, "cut_grass": 7.166086924620279, "dainty": 7.8159372994269, "dark": 3.65295774519163, "dark_berry": 7.069169027427858, "dark_chocolate": 5.312142365118694, "dark_fruit": 7.073193177727583, "deep_color": 7.913793089430659, "dense": 3.9928381303146154, "depth": 4.355512083564411, "diesel": 8.779959434122246, "dill": 6.6385869347119195, "diluted": 6.8630368219401845, "dr_pepper": 7.22532975818314, "driven": 7.688782123941654, "dry": 2.7351647794508214, "dull": 7.166086924620279, "dust": 4.693049850387663, "earth": 3.7644471629464857, "earthy": 7.734591659972948, "easy": 7.65936823873536, "edgy": 4.4702048510983605, "effervescent": 7.9715014070513055, "elderberry": 6.769510763929361, "elderflower": 8.352515419295305, "elegant": 3.836889459521756, "espresso": 7.841689795529315, "eucalyptus": 6.364045655821196, "expansive": 7.170521521688145, "extracted": 5.471852475526102, "exuberant": 6.384086406704642, "fat": 6.722990748294468, "feminine": 7.868123052597471, "fennel": 6.6385869347119195, "feral": 7.799130181110519, "fig": 5.697030615538099, "finegrained_tannin": 5.984034031703229, "finessed": 6.425414602197488, "firm": 3.6355705498669453, "fizz": 8.043327141622562, "flabby": 7.2067245703521055, "flashy": 6.869594222486343, "flat": 6.198060518346936, "fleeting_tannin": 7.951892935662929, "fleshy": 5.518449923504523, "flint": 6.511275892803881, "flower": 3.8407008028682177, "foamy": 7.603015302184229, "forest_floor": 5.680868647581101, "forward": 6.085332253352176, "foxy": 7.886141558100149, "french_oak": 5.7011122538577474, "fresh": 2.903531697002622, "frothy": 8.075762417375715, "fruit": 1.8433359904707993, "fruity": 7.179450152432446, "fudge": 7.609888181471991, "full_bodied": 3.5411561951066166, "funky": 6.034114036857975, "game": 5.903260978126291, "ginger": 6.291355922452919, "gingerbread": 7.8504234754980695, "gold": 6.309978434550921, "gooseberry": 6.382064161323875, "grabby": 6.276703645666049, "graham_cracker": 7.371686166283579, "grain": 7.65936823873536, "grained_tannin": 7.637862033514397, "grainy": 6.745980266519167, "granite": 7.596189337113829, "grapefruit": 4.61174502333369, "grapefruit_peel": 7.66664099806444, "grapefruit_pith": 7.932661573735042, "grapey": 6.623042580274119, "graphite": 5.554880665129437, "grass": 5.568220124823364, "gravel": 7.22532975818314, "green": 4.265930352844116, "green_banana": 7.932661573735042, "green_bean": 7.799130181110519, "green_fruit": 8.309955804876509, "green_pepper": 6.643822548765864, "grilled_herbs": 6.620475184768873, "grilled_meat": 6.7258357004267, "gripping": 5.634849759493654, "gripping_tannin": 7.65936823873536, "grippy": 6.029843567734523, "gritty": 5.978621298596479, "guava": 6.9411750262493275, "gummy": 8.616330010340445, "ham": 8.192172769220127, "hard": 5.089414700689248, "hay": 6.628197230862783,